method,prefix_bits,dyadic_terms,distribution,mae,rmse,mean_relative_error,p99_abs_relative_error,max_abs_relative_error,coefficient_entries,coefficient_bits,shift_add_terms_per_product,int_adds_per_product,fp_mults_per_product
pao,,,uniform,0.37402769923210144,0.6350265145301819,-0.039611246436834335,0.1048770546913147,0.11107463389635086,0,0,0,2,0
pao-alpha,,,uniform,0.25615113973617554,0.40402281284332275,0.006602964363992214,0.06477448344230652,0.06939691305160522,0,0,0,4,0
bpla-float,1,,uniform,0.07701223343610764,0.1427258998155594,-0.00012513254478108138,0.03692224249243736,0.061686549335718155,2,64,0,1,2
bpla-dyadic,1,1,uniform,0.11086813360452652,0.19020767509937286,-0.00353884301148355,0.06624309718608856,0.10952877998352051,2,12,2,1,0
bpla-dyadic,1,2,uniform,0.07701223343610764,0.1427258998155594,-0.00012513254478108138,0.03692224249243736,0.061686549335718155,2,24,4,1,0
bpla-dyadic,1,3,uniform,0.07701223343610764,0.1427258998155594,-0.00012513254478108138,0.03692224249243736,0.061686549335718155,2,36,6,1,0
bpla-dyadic,1,4,uniform,0.07701223343610764,0.1427258998155594,-0.00012513254478108138,0.03692224249243736,0.061686549335718155,2,48,8,1,0
bpla-float,2,,uniform,0.019228218123316765,0.03566997870802879,-2.3357295049208915e-06,0.008738627657294273,0.015259653329849243,4,128,0,1,2
bpla-dyadic,2,1,uniform,0.04936949163675308,0.09532191604375839,-0.0010033997241407633,0.024203186854720116,0.03955012187361717,4,24,2,1,0
bpla-dyadic,2,2,uniform,0.019228218123316765,0.03566997870802879,-2.3357295049208915e-06,0.008738627657294273,0.015259653329849243,4,48,4,1,0
bpla-dyadic,2,3,uniform,0.019228218123316765,0.03566997870802879,-2.3357295049208915e-06,0.008738627657294273,0.015259653329849243,4,72,6,1,0
bpla-dyadic,2,4,uniform,0.019228218123316765,0.03566997870802879,-2.3357295049208915e-06,0.008738627657294273,0.015259653329849243,4,96,8,1,0
bpla-float,3,,uniform,0.004821822512894869,0.00892120786011219,4.918352374261303e-07,0.0021321712993085384,0.003734419122338295,8,256,0,1,2
bpla-dyadic,3,1,uniform,0.02338038757443428,0.04173107445240021,-6.388141628121957e-05,0.013121253810822964,0.020240556448698044,8,48,2,1,0
bpla-dyadic,3,2,uniform,0.005847416818141937,0.010433717630803585,8.129147204272158e-07,0.0028826603665947914,0.005808380898088217,8,96,4,1,0
bpla-dyadic,3,3,uniform,0.004821822512894869,0.00892120786011219,4.918352374261303e-07,0.0021321712993085384,0.003734419122338295,8,144,6,1,0
bpla-dyadic,3,4,uniform,0.004821822512894869,0.00892120786011219,4.918352374261303e-07,0.0021321712993085384,0.003734419122338295,8,192,8,1,0
bpla-float,4,,uniform,0.0012017787666991353,0.0022248036693781614,2.071495686095659e-07,0.0005321037606336176,0.0009045293554663658,16,512,0,1,2
bpla-dyadic,4,1,uniform,0.019338054582476616,0.03805343061685562,-0.00017392836161889136,0.014953631907701492,0.034046683460474014,16,96,2,1,0
bpla-dyadic,4,2,uniform,0.0021879880223423243,0.004264736548066139,-3.0360104119608877e-07,0.0011197800049558282,0.0022578598000109196,16,192,4,1,0
bpla-dyadic,4,3,uniform,0.0012017787666991353,0.0022248036693781614,2.071495686095659e-07,0.0005321037606336176,0.0009045293554663658,16,288,6,1,0
bpla-dyadic,4,4,uniform,0.0012017787666991353,0.0022248036693781614,2.071495686095659e-07,0.0005321037606336176,0.0009045293554663658,16,384,8,1,0
bpla-float,5,,uniform,0.0003007110208272934,0.0005563573213294148,1.1529753862760117e-07,0.00013393847621046007,0.00023134538787417114,32,1024,0,1,2
bpla-dyadic,5,1,uniform,0.01841501146554947,0.038057658821344376,-0.00015591034025419503,0.013969425112009048,0.026393501088023186,32,192,2,1,0
bpla-dyadic,5,2,uniform,0.0009486672934144735,0.0018327387515455484,2.9168202786422626e-07,0.0006096313009038568,0.0013533284654840827,32,384,4,1,0
bpla-dyadic,5,3,uniform,0.0003315502835903317,0.0006023283349350095,1.3114508590206242e-07,0.00015680547221563756,0.0003426338662393391,32,576,6,1,0
bpla-dyadic,5,4,uniform,0.0003007110208272934,0.0005563573213294148,1.1529753862760117e-07,0.00013393847621046007,0.00023134538787417114,32,768,8,1,0
bpla-float,6,,uniform,7.500415813410655e-05,0.00013886671513319016,-1.7210501468412076e-08,3.320704854559153e-05,5.650743696605787e-05,64,2048,0,1,2
bpla-dyadic,6,1,uniform,0.017930753529071808,0.03695063665509224,-0.00018751098832581192,0.014232996851205826,0.0300658717751503,64,384,2,1,0
bpla-dyadic,6,2,uniform,0.0006287216092459857,0.0014190294314175844,-1.5410877551857993e-07,0.000601871928665787,0.002119114389643073,64,768,4,1,0
bpla-dyadic,6,3,uniform,0.00010838310845429078,0.0002097018586937338,-1.7809453467521053e-08,5.647502257488668e-05,0.00012944612535648048,64,1152,6,1,0
bpla-dyadic,6,4,uniform,7.500415813410655e-05,0.00013886671513319016,-1.7210501468412076e-08,3.320704854559153e-05,5.650743696605787e-05,64,1536,8,1,0
pao,,,log-uniform,20.592042922973633,140.4958038330078,-0.03818048536777496,0.10483988374471664,0.11108105629682541,0,0,0,2,0
pao-alpha,,,log-uniform,13.597978591918945,88.64061737060547,-0.001480076345615089,0.07169673591852188,0.07819761335849762,0,0,0,4,0
bpla-float,1,,log-uniform,3.996809959411621,28.317646026611328,-0.0004923302331008017,0.03747734799981117,0.06218375265598297,2,64,0,1,2
bpla-dyadic,1,1,log-uniform,8.404094696044922,67.12034606933594,-0.006732115522027016,0.07397591322660446,0.1108412817120552,2,12,2,1,0
bpla-dyadic,1,2,log-uniform,3.996809959411621,28.317646026611328,-0.0004923302331008017,0.03747734799981117,0.06218375265598297,2,24,4,1,0
bpla-dyadic,1,3,log-uniform,3.996809959411621,28.317646026611328,-0.0004923302331008017,0.03747734799981117,0.06218375265598297,2,36,6,1,0
bpla-dyadic,1,4,log-uniform,3.996809959411621,28.317646026611328,-0.0004923302331008017,0.03747734799981117,0.06218375265598297,2,48,8,1,0
bpla-float,2,,log-uniform,1.0073142051696777,7.175217151641846,-3.179286795784719e-05,0.008724499493837357,0.015482821501791477,4,128,0,1,2
bpla-dyadic,2,1,log-uniform,2.881683111190796,22.12407684326172,-0.0006615750025957823,0.02344636805355549,0.03944443538784981,4,24,2,1,0
bpla-dyadic,2,2,log-uniform,1.0073142051696777,7.175217151641846,-3.179286795784719e-05,0.008724499493837357,0.015482821501791477,4,48,4,1,0
bpla-dyadic,2,3,log-uniform,1.0073142051696777,7.175217151641846,-3.179286795784719e-05,0.008724499493837357,0.015482821501791477,4,72,6,1,0
bpla-dyadic,2,4,log-uniform,1.0073142051696777,7.175217151641846,-3.179286795784719e-05,0.008724499493837357,0.015482821501791477,4,96,8,1,0
bpla-float,3,,log-uniform,0.2506348192691803,1.7884043455123901,-2.8906740681122756e-06,0.002118542091920972,0.003839236218482256,8,256,0,1,2
bpla-dyadic,3,1,log-uniform,1.7625739574432373,14.907983779907227,-2.8593063689186238e-05,0.014143661595880985,0.02031050994992256,8,48,2,1,0
bpla-dyadic,3,2,log-uniform,0.3621155321598053,2.8090922832489014,-2.9853099476895295e-06,0.003052324056625366,0.005875067785382271,8,96,4,1,0
bpla-dyadic,3,3,log-uniform,0.2506348192691803,1.7884043455123901,-2.8906740681122756e-06,0.002118542091920972,0.003839236218482256,8,144,6,1,0
bpla-dyadic,3,4,log-uniform,0.2506348192691803,1.7884043455123901,-2.8906740681122756e-06,0.002118542091920972,0.003839236218482256,8,192,8,1,0
bpla-float,4,,log-uniform,0.06275366991758347,0.4430224299430847,-1.1537962762986353e-07,0.0005264582578092813,0.0009441340225748718,16,512,0,1,2
bpla-dyadic,4,1,log-uniform,1.6321343183517456,16.196979522705078,-0.00020319772011134773,0.016812067478895187,0.033627454191446304,16,96,2,1,0
bpla-dyadic,4,2,log-uniform,0.1323583424091339,1.0717803239822388,-6.606389320040762e-07,0.001101963222026825,0.0022381539456546307,16,192,4,1,0
bpla-dyadic,4,3,log-uniform,0.06275366991758347,0.4430224299430847,-1.1537962762986353e-07,0.0005264582578092813,0.0009441340225748718,16,288,6,1,0
bpla-dyadic,4,4,log-uniform,0.06275366991758347,0.4430224299430847,-1.1537962762986353e-07,0.0005264582578092813,0.0009441340225748718,16,384,8,1,0
bpla-float,5,,log-uniform,0.01558905839920044,0.11039166152477264,-5.336610087169902e-08,0.00013188511366024613,0.00023286917712539434,32,1024,0,1,2
bpla-dyadic,5,1,log-uniform,1.5091958045959473,14.723553657531738,-0.00010849244426935911,0.0150900362059474,0.026730945333838463,32,192,2,1,0
bpla-dyadic,5,2,log-uniform,0.06471967697143555,0.5801107287406921,9.318758031895413e-08,0.0006522964686155319,0.0013477234169840813,32,384,4,1,0
bpla-dyadic,5,3,log-uniform,0.018918519839644432,0.1430719494819641,-7.768797161133989e-08,0.00016291445353999734,0.000334060110617429,32,576,6,1,0
bpla-dyadic,5,4,log-uniform,0.01558905839920044,0.11039166152477264,-5.336610087169902e-08,0.00013188511366024613,0.00023286917712539434,32,768,8,1,0
bpla-float,6,,log-uniform,0.0038923011161386967,0.027777135372161865,1.4039015283628942e-08,3.2948973966995254e-05,5.732164208893664e-05,64,2048,0,1,2
bpla-dyadic,6,1,log-uniform,1.5136518478393555,15.247475624084473,-0.0001635246881050989,0.015761224552989006,0.02979850582778454,64,384,2,1,0
bpla-dyadic,6,2,log-uniform,0.04974915832281113,0.5678019523620605,-2.2804047716817877e-07,0.0006704179104417562,0.0021521816961467266,64,768,4,1,0
bpla-dyadic,6,3,log-uniform,0.006312463898211718,0.049915291368961334,2.8842407573392848e-08,5.598724965238944e-05,0.00012588509707711637,64,1152,6,1,0
bpla-dyadic,6,4,log-uniform,0.0038923011161386967,0.027777135372161865,1.4039015283628942e-08,3.2948973966995254e-05,5.732164208893664e-05,64,1536,8,1,0
pao,,,activation-weight,0.0004844492650590837,0.0009580497862771153,-0.03820159286260605,0.10470187664031982,0.11108960956335068,0,0,0,2,0
pao-alpha,,,activation-weight,0.0003310132888145745,0.0006191557622514665,-0.00011317064490867779,0.07041379064321518,0.07689914107322693,0,0,0,4,0
bpla-float,1,,activation-weight,0.00010658526298357174,0.00023592045181430876,-0.0004779764567501843,0.03730374202132225,0.062056805938482285,2,64,0,1,2
bpla-dyadic,1,1,activation-weight,0.0002041068801190704,0.0004579211527016014,-0.006683976389467716,0.07422339171171188,0.11038139462471008,2,12,2,1,0
bpla-dyadic,1,2,activation-weight,0.00010658526298357174,0.00023592045181430876,-0.0004779764567501843,0.03730374202132225,0.062056805938482285,2,24,4,1,0
bpla-dyadic,1,3,activation-weight,0.00010658526298357174,0.00023592045181430876,-0.0004779764567501843,0.03730374202132225,0.062056805938482285,2,36,6,1,0
bpla-dyadic,1,4,activation-weight,0.00010658526298357174,0.00023592045181430876,-0.0004779764567501843,0.03730374202132225,0.062056805938482285,2,48,8,1,0
bpla-float,2,,activation-weight,2.5978511985158548e-05,5.6888715334935114e-05,-3.0786191928200424e-05,0.008678956888616085,0.015425695106387138,4,128,0,1,2
bpla-dyadic,2,1,activation-weight,6.837648106738925e-05,0.00015140208415687084,-0.0006215457688085735,0.023336300626397133,0.03986666351556778,4,24,2,1,0
bpla-dyadic,2,2,activation-weight,2.5978511985158548e-05,5.6888715334935114e-05,-3.0786191928200424e-05,0.008678956888616085,0.015425695106387138,4,48,4,1,0
bpla-dyadic,2,3,activation-weight,2.5978511985158548e-05,5.6888715334935114e-05,-3.0786191928200424e-05,0.008678956888616085,0.015425695106387138,4,72,6,1,0
bpla-dyadic,2,4,activation-weight,2.5978511985158548e-05,5.6888715334935114e-05,-3.0786191928200424e-05,0.008678956888616085,0.015425695106387138,4,96,8,1,0
bpla-float,3,,activation-weight,6.455951279349392e-06,1.4055351130082272e-05,-3.278481472079875e-06,0.002120574237778783,0.0038122599944472313,8,256,0,1,2
bpla-dyadic,3,1,activation-weight,3.832668880932033e-05,8.649500523461029e-05,-1.3260614650789648e-05,0.014092935249209404,0.0202740840613842,8,48,2,1,0
bpla-dyadic,3,2,activation-weight,8.746716957830358e-06,1.9309942217660137e-05,-4.255854037182871e-06,0.0030476655811071396,0.0058303033001720905,8,96,4,1,0
bpla-dyadic,3,3,activation-weight,6.455951279349392e-06,1.4055351130082272e-05,-3.278481472079875e-06,0.002120574237778783,0.0038122599944472313,8,144,6,1,0
bpla-dyadic,3,4,activation-weight,6.455951279349392e-06,1.4055351130082272e-05,-3.278481472079875e-06,0.002120574237778783,0.0038122599944472313,8,192,8,1,0
bpla-float,4,,activation-weight,1.6059588006100967e-06,3.4805063933163183e-06,-6.486946091399659e-08,0.0005246895598247647,0.0009311318281106651,16,512,0,1,2
bpla-dyadic,4,1,activation-weight,3.336910594953224e-05,8.682844054419547e-05,-0.00019771022198256105,0.0168643556535244,0.034021347761154175,16,96,2,1,0
bpla-dyadic,4,2,activation-weight,3.083411456827889e-06,6.931893949513324e-06,-6.736227646797488e-07,0.0010960364015772939,0.0021340185776352882,16,192,4,1,0
bpla-dyadic,4,3,activation-weight,1.6059588006100967e-06,3.4805063933163183e-06,-6.486946091399659e-08,0.0005246895598247647,0.0009311318281106651,16,288,6,1,0
bpla-dyadic,4,4,activation-weight,1.6059588006100967e-06,3.4805063933163183e-06,-6.486946091399659e-08,0.0005246895598247647,0.0009311318281106651,16,384,8,1,0
bpla-float,5,,activation-weight,4.0258385070046643e-07,8.803074251773069e-07,-1.4291249783582316e-07,0.00013125558325555176,0.00022548416745848954,32,1024,0,1,2
bpla-dyadic,5,1,activation-weight,3.050341365451459e-05,7.968237332534045e-05,-0.00010748079512268305,0.015058201737701893,0.02651558257639408,32,192,2,1,0
bpla-dyadic,5,2,activation-weight,1.4684563893752056e-06,3.5590637708082795e-06,9.23088379067849e-08,0.0006526078213937581,0.0013243819121271372,32,384,4,1,0
bpla-dyadic,5,3,activation-weight,4.711239114385535e-07,1.039879521158582e-06,-1.8056461215110176e-07,0.00016175064956769347,0.00034422619501128793,32,576,6,1,0
bpla-dyadic,5,4,activation-weight,4.0258385070046643e-07,8.803074251773069e-07,-1.4291249783582316e-07,0.00013125558325555176,0.00022548416745848954,32,768,8,1,0
bpla-float,6,,activation-weight,1.0096628955125198e-07,2.1921982806816231e-07,2.8589681733137695e-08,3.289810410933569e-05,5.835949559696019e-05,64,2048,0,1,2
bpla-dyadic,6,1,activation-weight,3.028976971108932e-05,8.123661973513663e-05,-0.00015526892093475908,0.015736989676952362,0.030017277225852013,64,384,2,1,0
bpla-dyadic,6,2,activation-weight,1.0498589517737855e-06,3.125189323327504e-06,6.696549803564267e-07,0.0006765887956134975,0.0020973882637917995,64,768,4,1,0
bpla-dyadic,6,3,activation-weight,1.5257316476890992e-07,3.443772129685385e-07,4.3615568046107e-08,5.6002627388807014e-05,0.00012979800521861762,64,1152,6,1,0
bpla-dyadic,6,4,activation-weight,1.0096628955125198e-07,2.1921982806816231e-07,2.8589681733137695e-08,3.289810410933569e-05,5.835949559696019e-05,64,1536,8,1,0
